use furama_resort_manager;

INSERT INTO `furama_resort_manager`.`customer` (`customer_id`, `customer_type_id`, `customer_name`, `customer_birthday`, `customer_gender`, `customer_id_card`, `customer_phone`, `customer_email`, `customer_address`) VALUES ('KH-1001', 5, 'Nguyễn Thị Hào', '1970-11-07', 0, '643431213', '0945423362', 'thihao07@gmail.com', '23 Nguyễn Hoàng, Đà Nẵng');
INSERT INTO `furama_resort_manager`.`customer` (`customer_id`, `customer_type_id`, `customer_name`, `customer_birthday`, `customer_gender`, `customer_id_card`, `customer_phone`, `customer_email`, `customer_address`) VALUES ('KH-1002', 3,'Phạm Xuân Diệu', '1992-08-08', 1, '865342123', '0954333333', 'xuandieu92@gmail.com', 'K77/22 Thái Phiên, Quảng Trị');
INSERT INTO `furama_resort_manager`.`customer` (`customer_id`, `customer_type_id`, `customer_name`, `customer_birthday`, `customer_gender`, `customer_id_card`, `customer_phone`, `customer_email`, `customer_address`) VALUES ('KH-1003', 1,'Trương Đình Nghệ', '1990-02-27', 1, '488645199', '0373213122', 'nghenhan2702@gmail.com', 'K323/12 Ông Ích Khiêm, Vinh');
INSERT INTO `furama_resort_manager`.`customer` (`customer_id`, `customer_type_id`, `customer_name`, `customer_birthday`, `customer_gender`, `customer_id_card`, `customer_phone`, `customer_email`, `customer_address`) VALUES ('KH-1004', 2,'Dương Văn Quan', '1981-07-08', 1, '543432111', '0490039241', 'duongquan@gmail.com', 'K453/12 Lê Lợi, Đà Nẵng');
INSERT INTO `furama_resort_manager`.`customer` (`customer_id`, `customer_type_id`, `customer_name`, `customer_birthday`, `customer_gender`, `customer_id_card`, `customer_phone`, `customer_email`, `customer_address`) VALUES ('KH-1005', 4,'Hoàng Trần Nhi Nhi', '1995-12-09', 0, '795453345', '0312345678', 'nhinhi123@gmail.com', '224 Lý Thái Tổ, Gia Lai');
INSERT INTO `furama_resort_manager`.`customer` (`customer_id`, `customer_type_id`, `customer_name`, `customer_birthday`, `customer_gender`, `customer_id_card`, `customer_phone`, `customer_email`, `customer_address`) VALUES ('KH-1006', 4,'Tôn Nữ Mộc Châu', '2005-12-06', 0, '732434215', '0988888844', 'tonnuchau@gmail.com', '37 Yên Thế, Đà Nẵng');
INSERT INTO `furama_resort_manager`.`customer` (`customer_id`, `customer_type_id`, `customer_name`, `customer_birthday`, `customer_gender`, `customer_id_card`, `customer_phone`, `customer_email`, `customer_address`) VALUES ('KH-1007', 5,'Nguyễn Mỹ Kim', '1984-04-08', 0, '856453123', '0912345698', 'kimcuong84@gmail.com', 'K123/45 Lê Lợi, Hồ Chí Minh');
INSERT INTO `furama_resort_manager`.`customer` (`customer_id`, `customer_type_id`, `customer_name`, `customer_birthday`, `customer_gender`, `customer_id_card`, `customer_phone`, `customer_email`, `customer_address`) VALUES ('KH-1008', 3,'Nguyễn Thị Hào', '1999-04-08', 0, '965656433', '0763212345', 'haohao99@gmail.com', '55 Nguyễn Văn Linh, Kon Tum');
INSERT INTO `furama_resort_manager`.`customer` (`customer_id`, `customer_type_id`, `customer_name`, `customer_birthday`, `customer_gender`, `customer_id_card`, `customer_phone`, `customer_email`, `customer_address`) VALUES ('KH-1009', 4,'Trần Đại Danh', '1994-07-01', 0, '432341235', '0643343433', 'danhhai99@gmail.com', '24 Lý Thường Kiệt, Quảng Ngãi');
INSERT INTO `furama_resort_manager`.`customer` (`customer_id`, `customer_type_id`, `customer_name`, `customer_birthday`, `customer_gender`, `customer_id_card`, `customer_phone`, `customer_email`, `customer_address`) VALUES ('KH-1010', 2,'Nguyễn Tâm Đắc', '1989-07-01', 1, '344343432', '0987654321', 'dactam@gmail.com', '22 Ngô Quyền, Đà Nẵng');

INSERT INTO `furama_resort_manager`.`position` (`position_id`, `position_name`) VALUES ('1', 'Quản Lý');
INSERT INTO `furama_resort_manager`.`position` (`position_id`, `position_name`) VALUES ('2', 'Nhân Viên');

INSERT INTO `furama_resort_manager`.`education_degree` (`education_degree_id`, `education_degree_name`) VALUES ('1', 'Trung Cấp');
INSERT INTO `furama_resort_manager`.`education_degree` (`education_degree_id`, `education_degree_name`) VALUES ('2', 'Cao Đẳng');
INSERT INTO `furama_resort_manager`.`education_degree` (`education_degree_id`, `education_degree_name`) VALUES ('3', 'Đại Học');
INSERT INTO `furama_resort_manager`.`education_degree` (`education_degree_id`, `education_degree_name`) VALUES ('4', 'Sau Đại Học');

INSERT INTO `furama_resort_manager`.`division` (`division_id`, `division_name`) VALUES ('1', 'Sale-Marketing');
INSERT INTO `furama_resort_manager`.`division` (`division_id`, `division_name`) VALUES ('2', 'Hành chính');
INSERT INTO `furama_resort_manager`.`division` (`division_id`, `division_name`) VALUES ('3', 'Phục vụ');
INSERT INTO `furama_resort_manager`.`division` (`division_id`, `division_name`) VALUES ('4', 'Quản lý');


INSERT INTO `employee` (`employee_id`, `employee_name`, `employee_birthday`, `employee_id_card`, `employee_salary`, `employee_phone`, `employee_email`, `employee_address`, `position_id`, `education_degree_id`, `division_id`,`username`) VALUES ('NV-1001', 'Nguyễn Văn An', '1970-11-07', '456231786', '10000000', '0901234121', 'annguyen@gmail.com', '295 Nguyễn Tất Thành, Đà Nẵng', 1, 3, 1,'annguyen');
INSERT INTO `employee` (`employee_id`, `employee_name`, `employee_birthday`, `employee_id_card`, `employee_salary`, `employee_phone`, `employee_email`, `employee_address`, `position_id`, `education_degree_id`, `division_id`,`username`) VALUES ('NV-1002', 'Lê Văn Bình', '1997-04-09', '654231234', '7000000', '0934212314', 'binhlv@gmail.com', '22 Yên Bái, Đà Nẵng', '1', '2', '2','binhle');
INSERT INTO `employee` (`employee_id`, `employee_name`, `employee_birthday`, `employee_id_card`, `employee_salary`, `employee_phone`, `employee_email`, `employee_address`, `position_id`, `education_degree_id`, `division_id`,`username`) VALUES ('NV-1003', 'Hồ Thị Yến', '1995-12-12', '999231723', '14000000', '0412352315', 'thiyen@gmail.com', 'K234/11 Điện Biên Phủ, Gia Lai', '1', '3', '2','voyen');
INSERT INTO `employee` (`employee_id`, `employee_name`, `employee_birthday`, `employee_id_card`, `employee_salary`, `employee_phone`, `employee_email`, `employee_address`, `position_id`, `education_degree_id`, `division_id`,`username`) VALUES ('NV-1004', 'Võ Công Toản', '1980-04-04', '123231365', '17000000', '0374443232', 'toan0404@gmail.com', '77 Hoàng Diệu, Quảng Trị', '1', '4', '4','congtoan');
INSERT INTO `employee` (`employee_id`, `employee_name`, `employee_birthday`, `employee_id_card`, `employee_salary`, `employee_phone`, `employee_email`, `employee_address`, `position_id`, `education_degree_id`, `division_id`,`username`) VALUES ('NV-1005', 'Nguyễn Bỉnh Phát', '1999-12-09', '454363232', '6000000', '0902341231', 'phatphat@gmail.com', '43 Yên Bái, Đà Nẵng', '2', '1', '1','phatnguyen');
INSERT INTO `employee` (`employee_id`, `employee_name`, `employee_birthday`, `employee_id_card`, `employee_salary`, `employee_phone`, `employee_email`, `employee_address`, `position_id`, `education_degree_id`, `division_id`,`username`) VALUES ('NV-1006', 'Khúc Nguyễn An Nghi', '2000-11-08', '964542311', '7000000', '0978653213', 'annghi20@gmail.com', '294 Nguyễn Tất Thành, Đà Nẵng', '2', '2', '3','khucnghi');
INSERT INTO `employee` (`employee_id`, `employee_name`, `employee_birthday`, `employee_id_card`, `employee_salary`, `employee_phone`, `employee_email`, `employee_address`, `position_id`, `education_degree_id`, `division_id`,`username`) VALUES ('NV-1007', 'Nguyễn Hữu Hà', '1993-01-01', '534323231', '8000000', '0941234553', 'nhh0101@gmail.com', '4 Nguyễn Chí Thanh, Huế', '2', '3', '2','nguyenha');
INSERT INTO `employee` (`employee_id`, `employee_name`, `employee_birthday`, `employee_id_card`, `employee_salary`, `employee_phone`, `employee_email`, `employee_address`, `position_id`, `education_degree_id`, `division_id`,`username`) VALUES ('NV-1008', 'Nguyễn Hà Đông', '1989-09-03', '234414123', '9000000', '0642123111', 'donghanguyen@gmail.com', '111 Hùng Vương, Hà Nội', '2', '4', '4','nguyendong');
INSERT INTO `employee` (`employee_id`, `employee_name`, `employee_birthday`, `employee_id_card`, `employee_salary`, `employee_phone`, `employee_email`, `employee_address`, `position_id`, `education_degree_id`, `division_id`,`username`) VALUES ('NV-1009', 'Tòng Hoang', '1982-09-03', '256781231', '6000000', '0245144444', 'hoangtong@gmail.com', '213 Hàm Nghi, Đà Nẵng', '2', '4', '4','hoangtong');
INSERT INTO `employee` (`employee_id`, `employee_name`, `employee_birthday`, `employee_id_card`, `employee_salary`, `employee_phone`, `employee_email`, `employee_address`, `position_id`, `education_degree_id`, `division_id`,`username`) VALUES ('NV-1010', 'Nguyễn Công Đạo', '1994-01-08', '755434343', '8000000', '0988767111', 'nguyencongdao12@gmail.com', '6 Hoà Khánh, Đồng Nai', '2', '3', '2','daocong');


INSERT INTO `furama_resort_manager`.`service_type` (`service_type_id`, `service_type_name`) VALUES ('1', 'Villa');
INSERT INTO `furama_resort_manager`.`service_type` (`service_type_id`, `service_type_name`) VALUES ('2', 'House');
INSERT INTO `furama_resort_manager`.`service_type` (`service_type_id`, `service_type_name`) VALUES ('3', 'Room');


insert into rent_type values(1,'year',50000000);
insert into rent_type values(2,'month',6000000);
insert into rent_type values(3,'day',500000);
insert into rent_type values(4,'hour',150000);

INSERT INTO `furama_resort_manager`.`attach_service` (`attach_service_id`, `attach_service_name`, `attach_service_cost`, `attach_service_unit`, `attach_service_status`) VALUES ('1', 'Karaoke', '10000', '10', 'tiện nghi, hiện tại');
INSERT INTO `furama_resort_manager`.`attach_service` (`attach_service_id`, `attach_service_name`, `attach_service_cost`, `attach_service_unit`, `attach_service_status`) VALUES ('2', 'Thuê xe máy', '10000', '7', 'hỏng 1 xe');
INSERT INTO `furama_resort_manager`.`attach_service` (`attach_service_id`, `attach_service_name`, `attach_service_cost`, `attach_service_unit`, `attach_service_status`) VALUES ('3', 'Thuê xe đạp', '20000', '5', 'tốt');
INSERT INTO `furama_resort_manager`.`attach_service` (`attach_service_id`, `attach_service_name`, `attach_service_cost`, `attach_service_unit`, `attach_service_status`) VALUES ('4', 'Buffet buổi sáng', '15000', '5', 'đầy đủ đồ ăn, tráng miệng');
INSERT INTO `furama_resort_manager`.`attach_service` (`attach_service_id`, `attach_service_name`, `attach_service_cost`, `attach_service_unit`, `attach_service_status`) VALUES ('5', 'Buffet buổi trưa', '90000', '10', 'đầy đủ đồ ăn, tráng miệng');
INSERT INTO `furama_resort_manager`.`attach_service` (`attach_service_id`, `attach_service_name`, `attach_service_cost`, `attach_service_unit`, `attach_service_status`) VALUES ('6', 'Buffet buổi tối', '16000', '12', 'đầy đủ đồ ăn, tráng miệng');


INSERT INTO `furama_resort_manager`.`service` (`service_id`, `service_name`, `service_area`, `service_cost`, `service_max_people`, `rent_type_id`, `service_type_id`, `standard_room`, `description_other_covenience`, `pool_area`, `number_of_floors`, `service_free`) VALUES ('DV-1001', 'Villa Beach Front', '25000', '10000000', '10', '3', '1', 'vip', 'Có hồ bơi', '500', '4', 'null');
INSERT INTO `furama_resort_manager`.`service` (`service_id`, `service_name`, `service_area`, `service_cost`, `service_max_people`, `rent_type_id`, `service_type_id`, `standard_room`, `description_other_covenience`, `pool_area`, `number_of_floors`, `service_free`) VALUES ('DV-1002', 'House Princess 01', '14000', '5000000', '7', '2', '2', 'vip', 'Có thêm bếp nướng', 'null', '3', 'null');
INSERT INTO `furama_resort_manager`.`service` (`service_id`, `service_name`, `service_area`, `service_cost`, `service_max_people`, `rent_type_id`, `service_type_id`, `standard_room`, `description_other_covenience`, `pool_area`, `number_of_floors`, `service_free`) VALUES ('DV-1003', 'Room Twin 01', '5000', '1000000', '2', '4', '3', 'normal', 'Có tivi', 'null', 'null', 'Ăn sáng free');
INSERT INTO `furama_resort_manager`.`service` (`service_id`, `service_name`, `service_area`, `service_cost`, `service_max_people`, `rent_type_id`, `service_type_id`, `standard_room`, `description_other_covenience`, `pool_area`, `number_of_floors`, `service_free`) VALUES ('DV-1004', 'Villa No Beach Front', '22000', '9000000', '8', '3', '1', 'normal', 'Có hồ bơi', '300', '3', 'null');
INSERT INTO `furama_resort_manager`.`service` (`service_id`, `service_name`, `service_area`, `service_cost`, `service_max_people`, `rent_type_id`, `service_type_id`, `standard_room`, `description_other_covenience`, `pool_area`, `number_of_floors`, `service_free`) VALUES ('DV-1005', 'House Princess 02', '10000', '4000000', '5', '3', '2', 'normal', 'Có thêm bếp nướng', 'null', '2', 'null');
INSERT INTO `furama_resort_manager`.`service` (`service_id`, `service_name`, `service_area`, `service_cost`, `service_max_people`, `rent_type_id`, `service_type_id`, `standard_room`, `description_other_covenience`, `pool_area`, `number_of_floors`, `service_free`) VALUES ('DV-1006', 'Room Twin 02', '3000', '900000', '2', '4', '3', 'normal', 'Có tivi', 'null', 'null', 'Miễn phí đi lại');


INSERT INTO `furama_resort_manager`.`contract` (`contract_id`, `contract_start_date`, `contract_end_date`, `contract_deposit`, `contract_total_money`, `employee_id`, `customer_id`, `service_id`) VALUES ('1', '2020-12-08', '2020-12-08', '0', '500000', 'NV-1003', 'KH-1001', 'DV-1003');
INSERT INTO `furama_resort_manager`.`contract` (`contract_id`, `contract_start_date`, `contract_end_date`, `contract_deposit`, `contract_total_money`, `employee_id`, `customer_id`, `service_id`) VALUES ('2', '2020-07-14', '2020-07-21', '200000', '1500000', 'NV-1007', 'KH-1003', 'DV-1001');
INSERT INTO `furama_resort_manager`.`contract` (`contract_id`, `contract_start_date`, `contract_end_date`, `contract_deposit`, `contract_total_money`, `employee_id`, `customer_id`, `service_id`) VALUES ('3', '2021-03-15', '2021-03-17', '50000', '1000000', 'NV-1003', 'KH-1004', 'DV-1002');
INSERT INTO `furama_resort_manager`.`contract` (`contract_id`, `contract_start_date`, `contract_end_date`, `contract_deposit`, `contract_total_money`, `employee_id`, `customer_id`, `service_id`) VALUES ('4', '2021-01-14', '2021-01-18', '100000', '2000000', 'NV-1007', 'KH-1005', 'DV-1005');
INSERT INTO `furama_resort_manager`.`contract` (`contract_id`, `contract_start_date`, `contract_end_date`, `contract_deposit`, `contract_total_money`, `employee_id`, `customer_id`, `service_id`) VALUES ('5', '2021-07-14', '2021-07-15', '0', '1000000', 'NV-1007', 'KH-1002', 'DV-1006');
INSERT INTO `furama_resort_manager`.`contract` (`contract_id`, `contract_start_date`, `contract_end_date`, `contract_deposit`, `contract_total_money`, `employee_id`, `customer_id`, `service_id`) VALUES ('6', '2021-06-01', '2021-06-03', '0', '1500000', 'NV-1007', 'KH-1007', 'DV-1006');
INSERT INTO `furama_resort_manager`.`contract` (`contract_id`, `contract_start_date`, `contract_end_date`, `contract_deposit`, `contract_total_money`, `employee_id`, `customer_id`, `service_id`) VALUES ('7', '2021-09-02', '2021-09-05', '100000', '2000000', 'NV-1007', 'KH-1004', 'DV-1004');
INSERT INTO `furama_resort_manager`.`contract` (`contract_id`, `contract_start_date`, `contract_end_date`, `contract_deposit`, `contract_total_money`, `employee_id`, `customer_id`, `service_id`) VALUES ('8', '2021-06-17', '2021-06-18', '150000', '1000000', 'NV-1003', 'KH-1004', 'DV-1001');
INSERT INTO `furama_resort_manager`.`contract` (`contract_id`, `contract_start_date`, `contract_end_date`, `contract_deposit`, `contract_total_money`, `employee_id`, `customer_id`, `service_id`) VALUES ('9', '2020-11-19', '2020-11-19', '0', '5000000', 'NV-1003', 'KH-1004', 'DV-1003');
INSERT INTO `furama_resort_manager`.`contract` (`contract_id`, `contract_start_date`, `contract_end_date`, `contract_deposit`, `contract_total_money`, `employee_id`, `customer_id`, `service_id`) VALUES ('10', '2021-04-12', '2021-04-14', '0', '1500000', 'NV-1010', 'KH-1003', 'DV-1005');
INSERT INTO `furama_resort_manager`.`contract` (`contract_id`, `contract_start_date`, `contract_end_date`, `contract_deposit`, `contract_total_money`, `employee_id`, `customer_id`, `service_id`) VALUES ('11', '2021-04-25', '2021-04-25', '0', '5000000', 'NV-1002', 'KH-1002', 'DV-1001');
INSERT INTO `furama_resort_manager`.`contract` (`contract_id`, `contract_start_date`, `contract_end_date`, `contract_deposit`, `contract_total_money`, `employee_id`, `customer_id`, `service_id`) VALUES ('12', '2021-05-25', '2021-05-27', '0', '1500000', 'NV-1007', 'KH-1010', 'DV-1001');
